Method,Job,AnalyzeLaunchVariance,EvaluateOverhead,MaxAbsoluteError,MaxRelativeError,MinInvokeCount,MinIterationTime,OutlierMode,Affinity,EnvironmentVariables,Jit,LargeAddressAware,Platform,PowerPlanMode,Runtime,AllowVeryLargeObjects,Concurrent,CpuGroups,Force,HeapAffinitizeMask,HeapCount,NoAffinitize,RetainVm,Server,Arguments,BuildConfiguration,Clock,EngineFactory,NuGetReferences,Toolchain,IsMutator,InvocationCount,IterationCount,IterationTime,LaunchCount,MaxIterationCount,MaxWarmupIterationCount,MemoryRandomization,MinIterationCount,MinWarmupIterationCount,RunStrategy,UnrollFactor,WarmupCount,Depth,Mean,Error,StdDev,Gen0,Allocated
ValueTask_Completed,ShortRun,False,Default,Default,Default,Default,Default,Default,00000000000,Empty,RyuJit,Default,Arm64,8c5e7fda-e8bf-4a96-9a85-a6e23a8c635c,.NET 11.0,False,True,False,True,Default,Default,False,False,False,Default,Default,Default,Default,Default,Default,Default,Default,3,Default,1,Default,Default,Default,Default,Default,Default,16,3,1,8.015 ns,2.837 ns,0.1555 ns,0.0000,0 B
ValueTask_Completed,ShortRun,False,Default,Default,Default,Default,Default,Default,00000000000,Empty,RyuJit,Default,Arm64,8c5e7fda-e8bf-4a96-9a85-a6e23a8c635c,.NET 11.0,False,True,False,True,Default,Default,False,False,False,Default,Default,Default,Default,Default,Default,Default,Default,3,Default,1,Default,Default,Default,Default,Default,Default,16,3,2,12.974 ns,4.119 ns,0.2258 ns,0.0000,0 B
Task_Completed,ShortRun,False,Default,Default,Default,Default,Default,Default,00000000000,Empty,RyuJit,Default,Arm64,8c5e7fda-e8bf-4a96-9a85-a6e23a8c635c,.NET 11.0,False,True,False,True,Default,Default,False,False,False,Default,Default,Default,Default,Default,Default,Default,Default,3,Default,1,Default,Default,Default,Default,Default,Default,16,3,1,22.627 ns,10.538 ns,0.5776 ns,0.0172,144 B
Task_Completed,ShortRun,False,Default,Default,Default,Default,Default,Default,00000000000,Empty,RyuJit,Default,Arm64,8c5e7fda-e8bf-4a96-9a85-a6e23a8c635c,.NET 11.0,False,True,False,True,Default,Default,False,False,False,Default,Default,Default,Default,Default,Default,Default,Default,3,Default,1,Default,Default,Default,Default,Default,Default,16,3,2,24.229 ns,5.785 ns,0.3171 ns,0.0258,216 B
ValueTask_Completed,ShortRun,False,Default,Default,Default,Default,Default,Default,00000000000,Empty,RyuJit,Default,Arm64,8c5e7fda-e8bf-4a96-9a85-a6e23a8c635c,.NET 11.0,False,True,False,True,Default,Default,False,False,False,Default,Default,Default,Default,Default,Default,Default,Default,3,Default,1,Default,Default,Default,Default,Default,Default,16,3,4,24.731 ns,14.650 ns,0.8030 ns,0.0000,0 B
Task_Completed,ShortRun,False,Default,Default,Default,Default,Default,Default,00000000000,Empty,RyuJit,Default,Arm64,8c5e7fda-e8bf-4a96-9a85-a6e23a8c635c,.NET 11.0,False,True,False,True,Default,Default,False,False,False,Default,Default,Default,Default,Default,Default,Default,Default,3,Default,1,Default,Default,Default,Default,Default,Default,16,3,4,39.470 ns,27.605 ns,1.5131 ns,0.0430,360 B
ValueTask_Completed,ShortRun,False,Default,Default,Default,Default,Default,Default,00000000000,Empty,RyuJit,Default,Arm64,8c5e7fda-e8bf-4a96-9a85-a6e23a8c635c,.NET 11.0,False,True,False,True,Default,Default,False,False,False,Default,Default,Default,Default,Default,Default,Default,Default,3,Default,1,Default,Default,Default,Default,Default,Default,16,3,8,47.303 ns,11.331 ns,0.6211 ns,0.0000,0 B
Task_Completed,ShortRun,False,Default,Default,Default,Default,Default,Default,00000000000,Empty,RyuJit,Default,Arm64,8c5e7fda-e8bf-4a96-9a85-a6e23a8c635c,.NET 11.0,False,True,False,True,Default,Default,False,False,False,Default,Default,Default,Default,Default,Default,Default,Default,3,Default,1,Default,Default,Default,Default,Default,Default,16,3,8,76.223 ns,44.047 ns,2.4144 ns,0.0774,648 B
ValueTask_Completed,ShortRun,False,Default,Default,Default,Default,Default,Default,00000000000,Empty,RyuJit,Default,Arm64,8c5e7fda-e8bf-4a96-9a85-a6e23a8c635c,.NET 11.0,False,True,False,True,Default,Default,False,False,False,Default,Default,Default,Default,Default,Default,Default,Default,3,Default,1,Default,Default,Default,Default,Default,Default,16,3,16,95.750 ns,52.019 ns,2.8513 ns,0.0000,0 B
Task_Completed,ShortRun,False,Default,Default,Default,Default,Default,Default,00000000000,Empty,RyuJit,Default,Arm64,8c5e7fda-e8bf-4a96-9a85-a6e23a8c635c,.NET 11.0,False,True,False,True,Default,Default,False,False,False,Default,Default,Default,Default,Default,Default,Default,Default,3,Default,1,Default,Default,Default,Default,Default,Default,16,3,16,136.853 ns,65.376 ns,3.5835 ns,0.1462,1224 B
ValueTask_Completed,ShortRun,False,Default,Default,Default,Default,Default,Default,00000000000,Empty,RyuJit,Default,Arm64,8c5e7fda-e8bf-4a96-9a85-a6e23a8c635c,.NET 11.0,False,True,False,True,Default,Default,False,False,False,Default,Default,Default,Default,Default,Default,Default,Default,3,Default,1,Default,Default,Default,Default,Default,Default,16,3,32,209.887 ns,177.001 ns,9.7020 ns,0.0000,0 B
Task_Completed,ShortRun,False,Default,Default,Default,Default,Default,Default,00000000000,Empty,RyuJit,Default,Arm64,8c5e7fda-e8bf-4a96-9a85-a6e23a8c635c,.NET 11.0,False,True,False,True,Default,Default,False,False,False,Default,Default,Default,Default,Default,Default,Default,Default,3,Default,1,Default,Default,Default,Default,Default,Default,16,3,32,447.431 ns,54.092 ns,2.9650 ns,0.2837,2376 B
