Method,Job,AnalyzeLaunchVariance,EvaluateOverhead,MaxAbsoluteError,MaxRelativeError,MinInvokeCount,MinIterationTime,OutlierMode,Affinity,EnvironmentVariables,Jit,LargeAddressAware,Platform,PowerPlanMode,Runtime,AllowVeryLargeObjects,Concurrent,CpuGroups,Force,HeapAffinitizeMask,HeapCount,NoAffinitize,RetainVm,Server,Arguments,BuildConfiguration,Clock,EngineFactory,NuGetReferences,Toolchain,IsMutator,InvocationCount,IterationCount,IterationTime,LaunchCount,MaxIterationCount,MaxWarmupIterationCount,MemoryRandomization,MinIterationCount,MinWarmupIterationCount,RunStrategy,UnrollFactor,WarmupCount,Mean,Error,StdDev,Gen0,Allocated
Direct_ThrowLoop_Control,DefaultJob,False,Default,Default,Default,Default,Default,Default,00000000000,Empty,RyuJit,Default,Arm64,8c5e7fda-e8bf-4a96-9a85-a6e23a8c635c,.NET 11.0,False,True,False,True,Default,Default,False,False,False,Default,Default,Default,Default,Default,Default,Default,Default,Default,Default,Default,Default,Default,Default,Default,Default,Default,16,Default,946.2 μs,18.44 μs,39.69 μs,57.6172,476.56 KB
Task_DirectFaultedForwardingLoop,DefaultJob,False,Default,Default,Default,Default,Default,Default,00000000000,Empty,RyuJit,Default,Arm64,8c5e7fda-e8bf-4a96-9a85-a6e23a8c635c,.NET 11.0,False,True,False,True,Default,Default,False,False,False,Default,Default,Default,Default,Default,Default,Default,Default,Default,Default,Default,Default,Default,Default,Default,Default,Default,16,Default,"1,067.1 μs",21.26 μs,25.31 μs,95.7031,789.06 KB
ValueTask_DirectFaultedForwardingLoop,DefaultJob,False,Default,Default,Default,Default,Default,Default,00000000000,Empty,RyuJit,Default,Arm64,8c5e7fda-e8bf-4a96-9a85-a6e23a8c635c,.NET 11.0,False,True,False,True,Default,Default,False,False,False,Default,Default,Default,Default,Default,Default,Default,Default,Default,Default,Default,Default,Default,Default,Default,Default,Default,16,Default,"1,072.2 μs",14.88 μs,12.43 μs,95.7031,789.06 KB
Task_ThrowBeforeAwaitLoop,DefaultJob,False,Default,Default,Default,Default,Default,Default,00000000000,Empty,RyuJit,Default,Arm64,8c5e7fda-e8bf-4a96-9a85-a6e23a8c635c,.NET 11.0,False,True,False,True,Default,Default,False,False,False,Default,Default,Default,Default,Default,Default,Default,Default,Default,Default,Default,Default,Default,Default,Default,Default,Default,16,Default,"1,825.3 μs",10.29 μs,9.12 μs,144.5313,1203.13 KB
ValueTask_ThrowBeforeAwaitLoop,DefaultJob,False,Default,Default,Default,Default,Default,Default,00000000000,Empty,RyuJit,Default,Arm64,8c5e7fda-e8bf-4a96-9a85-a6e23a8c635c,.NET 11.0,False,True,False,True,Default,Default,False,False,False,Default,Default,Default,Default,Default,Default,Default,Default,Default,Default,Default,Default,Default,Default,Default,Default,Default,16,Default,"1,892.6 μs",25.40 μs,21.21 μs,144.5313,1203.13 KB
ValueTask_ThrowAfterSuspendedAwaitLoop,DefaultJob,False,Default,Default,Default,Default,Default,Default,00000000000,Empty,RyuJit,Default,Arm64,8c5e7fda-e8bf-4a96-9a85-a6e23a8c635c,.NET 11.0,False,True,False,True,Default,Default,False,False,False,Default,Default,Default,Default,Default,Default,Default,Default,Default,Default,Default,Default,Default,Default,Default,Default,Default,16,Default,"1,900.5 μs",21.95 μs,20.53 μs,158.2031,1296.88 KB
ValueTask_ThrowAfterCompletedAwaitLoop,DefaultJob,False,Default,Default,Default,Default,Default,Default,00000000000,Empty,RyuJit,Default,Arm64,8c5e7fda-e8bf-4a96-9a85-a6e23a8c635c,.NET 11.0,False,True,False,True,Default,Default,False,False,False,Default,Default,Default,Default,Default,Default,Default,Default,Default,Default,Default,Default,Default,Default,Default,Default,Default,16,Default,"1,915.0 μs",36.67 μs,74.91 μs,144.5313,1203.13 KB
Task_ThrowAfterSuspendedAwaitLoop,DefaultJob,False,Default,Default,Default,Default,Default,Default,00000000000,Empty,RyuJit,Default,Arm64,8c5e7fda-e8bf-4a96-9a85-a6e23a8c635c,.NET 11.0,False,True,False,True,Default,Default,False,False,False,Default,Default,Default,Default,Default,Default,Default,Default,Default,Default,Default,Default,Default,Default,Default,Default,Default,16,Default,"1,923.7 μs",36.67 μs,48.95 μs,156.2500,1289.06 KB
Task_ThrowAfterCompletedAwaitLoop,DefaultJob,False,Default,Default,Default,Default,Default,Default,00000000000,Empty,RyuJit,Default,Arm64,8c5e7fda-e8bf-4a96-9a85-a6e23a8c635c,.NET 11.0,False,True,False,True,Default,Default,False,False,False,Default,Default,Default,Default,Default,Default,Default,Default,Default,Default,Default,Default,Default,Default,Default,Default,Default,16,Default,"1,926.3 μs",38.12 μs,43.89 μs,146.4844,1203.13 KB
